idx,predict label,golden label
0,tensor(1),0
1,tensor(0),0
2,tensor(1),0
3,tensor(1),0
4,tensor(2),0
5,tensor(4),0
6,tensor(1),0
7,tensor(1),0
8,tensor(0),0
9,tensor(0),0
10,tensor(1),0
11,tensor(0),0
12,tensor(0),0
13,tensor(0),0
14,tensor(2),0
15,tensor(0),0
16,tensor(3),0
17,tensor(1),0
18,tensor(2),0
19,tensor(0),0
20,tensor(0),0
21,tensor(0),0
22,tensor(0),0
23,tensor(0),0
24,tensor(0),0
25,tensor(1),0
26,tensor(0),0
27,tensor(1),0
28,tensor(0),0
29,tensor(0),0
30,tensor(0),0
31,tensor(1),0
32,tensor(1),0
33,tensor(0),0
34,tensor(3),0
35,tensor(0),0
36,tensor(2),0
37,tensor(0),0
38,tensor(4),0
39,tensor(1),0
40,tensor(0),0
41,tensor(0),0
42,tensor(1),0
43,tensor(0),0
44,tensor(0),0
45,tensor(1),0
46,tensor(0),0
47,tensor(0),0
48,tensor(0),0
49,tensor(0),0
50,tensor(1),0
51,tensor(1),0
52,tensor(1),0
53,tensor(1),0
54,tensor(0),0
55,tensor(0),0
56,tensor(0),0
57,tensor(4),0
58,tensor(0),0
59,tensor(1),0
60,tensor(0),0
61,tensor(0),0
62,tensor(0),0
63,tensor(0),0
64,tensor(0),0
65,tensor(0),0
66,tensor(1),0
67,tensor(0),0
68,tensor(1),0
69,tensor(0),0
70,tensor(0),0
71,tensor(0),0
72,tensor(1),0
73,tensor(0),0
74,tensor(1),0
75,tensor(0),0
76,tensor(1),0
77,tensor(0),0
78,tensor(0),0
79,tensor(0),0
80,tensor(0),0
81,tensor(1),0
82,tensor(0),0
83,tensor(0),0
84,tensor(0),0
85,tensor(0),0
86,tensor(0),0
87,tensor(0),0
88,tensor(1),0
89,tensor(0),0
90,tensor(1),0
91,tensor(0),0
92,tensor(4),0
93,tensor(1),0
94,tensor(1),0
95,tensor(0),0
96,tensor(0),0
97,tensor(1),0
98,tensor(0),0
99,tensor(1),0
100,tensor(1),0
101,tensor(4),0
102,tensor(1),0
103,tensor(0),0
104,tensor(4),0
105,tensor(0),0
106,tensor(0),0
107,tensor(1),0
108,tensor(1),0
109,tensor(0),0
110,tensor(0),0
111,tensor(0),0
112,tensor(0),0
113,tensor(0),0
114,tensor(0),0
115,tensor(0),0
116,tensor(0),0
117,tensor(0),0
118,tensor(1),0
119,tensor(0),0
120,tensor(0),0
121,tensor(0),0
122,tensor(0),0
123,tensor(3),0
124,tensor(3),0
125,tensor(0),0
126,tensor(1),0
127,tensor(4),0
128,tensor(2),0
129,tensor(0),0
130,tensor(0),0
131,tensor(0),0
132,tensor(0),0
133,tensor(0),0
134,tensor(0),0
135,tensor(0),0
136,tensor(0),0
137,tensor(2),0
138,tensor(0),0
139,tensor(0),0
140,tensor(0),0
141,tensor(0),0
142,tensor(1),0
143,tensor(0),0
144,tensor(0),0
145,tensor(0),0
146,tensor(0),0
147,tensor(0),0
148,tensor(0),0
149,tensor(0),0
150,tensor(0),0
151,tensor(4),0
152,tensor(0),0
153,tensor(0),0
154,tensor(1),0
155,tensor(0),0
156,tensor(0),0
157,tensor(1),0
158,tensor(0),0
159,tensor(0),0
160,tensor(1),0
161,tensor(0),0
162,tensor(0),0
163,tensor(0),0
164,tensor(1),0
165,tensor(0),0
166,tensor(1),0
167,tensor(0),0
168,tensor(1),0
169,tensor(1),0
170,tensor(1),0
171,tensor(0),0
172,tensor(1),0
173,tensor(0),0
174,tensor(0),0
175,tensor(0),0
176,tensor(0),0
177,tensor(0),0
178,tensor(0),0
179,tensor(1),0
180,tensor(2),0
181,tensor(0),0
182,tensor(0),0
183,tensor(0),0
184,tensor(1),0
185,tensor(0),0
186,tensor(0),0
187,tensor(3),0
188,tensor(0),0
189,tensor(0),0
190,tensor(0),0
191,tensor(0),0
192,tensor(1),0
193,tensor(0),0
194,tensor(2),0
195,tensor(0),0
196,tensor(4),0
197,tensor(0),0
198,tensor(2),0
199,tensor(4),0
200,tensor(0),0
201,tensor(1),0
202,tensor(0),0
203,tensor(0),0
204,tensor(1),0
205,tensor(0),0
206,tensor(0),0
207,tensor(1),0
208,tensor(0),0
209,tensor(0),0
210,tensor(1),0
211,tensor(0),0
212,tensor(0),0
213,tensor(0),0
214,tensor(0),0
215,tensor(1),0
216,tensor(1),0
217,tensor(1),0
218,tensor(2),0
219,tensor(4),0
220,tensor(0),0
221,tensor(1),0
222,tensor(1),0
223,tensor(0),0
224,tensor(0),0
225,tensor(0),0
226,tensor(0),0
227,tensor(0),0
228,tensor(1),0
229,tensor(0),0
230,tensor(0),0
231,tensor(0),0
232,tensor(0),0
233,tensor(0),0
234,tensor(0),0
235,tensor(1),0
236,tensor(0),0
237,tensor(2),0
238,tensor(0),0
239,tensor(0),0
240,tensor(0),0
241,tensor(0),0
242,tensor(0),0
243,tensor(1),0
244,tensor(0),0
245,tensor(0),0
246,tensor(1),0
247,tensor(0),0
248,tensor(0),0
249,tensor(0),0
250,tensor(0),0
251,tensor(0),0
252,tensor(1),0
253,tensor(0),0
254,tensor(0),0
255,tensor(0),0
256,tensor(2),0
257,tensor(0),0
258,tensor(0),0
259,tensor(0),0
260,tensor(1),0
261,tensor(1),0
262,tensor(0),0
263,tensor(0),0
264,tensor(0),0
265,tensor(0),0
266,tensor(0),0
267,tensor(1),0
268,tensor(0),0
269,tensor(2),0
270,tensor(0),0
271,tensor(1),0
272,tensor(0),0
273,tensor(0),0
274,tensor(1),0
275,tensor(0),0
276,tensor(1),0
277,tensor(0),0
278,tensor(0),0
279,tensor(0),0
280,tensor(0),0
281,tensor(1),0
282,tensor(0),0
283,tensor(1),0
284,tensor(0),0
285,tensor(0),0
286,tensor(0),0
287,tensor(0),0
288,tensor(1),0
289,tensor(3),0
290,tensor(0),0
291,tensor(1),0
292,tensor(4),0
293,tensor(0),0
294,tensor(3),0
295,tensor(0),0
296,tensor(2),0
297,tensor(4),0
298,tensor(0),0
299,tensor(1),0
300,tensor(2),0
301,tensor(0),0
302,tensor(0),0
303,tensor(0),0
304,tensor(1),0
305,tensor(0),0
306,tensor(0),0
307,tensor(0),0
308,tensor(1),0
309,tensor(0),0
310,tensor(1),0
311,tensor(0),0
312,tensor(0),0
313,tensor(4),0
314,tensor(0),0
315,tensor(1),0
316,tensor(2),0
317,tensor(0),0
318,tensor(1),0
319,tensor(0),0
320,tensor(1),1
321,tensor(0),1
322,tensor(1),1
323,tensor(2),1
324,tensor(2),1
325,tensor(0),1
326,tensor(0),1
327,tensor(1),1
328,tensor(0),1
329,tensor(1),1
330,tensor(1),1
331,tensor(1),1
332,tensor(3),1
333,tensor(0),1
334,tensor(1),1
335,tensor(3),1
336,tensor(3),1
337,tensor(4),1
338,tensor(0),1
339,tensor(4),1
340,tensor(0),1
341,tensor(1),1
342,tensor(1),1
343,tensor(1),1
344,tensor(1),1
345,tensor(0),1
346,tensor(0),1
347,tensor(0),1
348,tensor(3),1
349,tensor(1),1
350,tensor(2),1
351,tensor(0),1
352,tensor(0),1
353,tensor(1),1
354,tensor(1),1
355,tensor(1),1
356,tensor(0),1
357,tensor(1),1
358,tensor(1),1
359,tensor(1),1
360,tensor(1),1
361,tensor(0),1
362,tensor(2),1
363,tensor(1),1
364,tensor(3),1
365,tensor(0),1
366,tensor(2),1
367,tensor(1),1
368,tensor(0),1
369,tensor(1),1
370,tensor(1),1
371,tensor(3),1
372,tensor(0),1
373,tensor(3),1
374,tensor(3),1
375,tensor(3),1
376,tensor(2),1
377,tensor(1),1
378,tensor(3),1
379,tensor(1),1
380,tensor(1),1
381,tensor(1),1
382,tensor(1),1
383,tensor(0),1
384,tensor(2),1
385,tensor(2),1
386,tensor(0),1
387,tensor(1),1
388,tensor(0),1
389,tensor(2),1
390,tensor(0),1
391,tensor(2),1
392,tensor(1),1
393,tensor(3),1
394,tensor(0),1
395,tensor(2),1
396,tensor(0),1
397,tensor(1),1
398,tensor(1),1
399,tensor(1),1
400,tensor(3),1
401,tensor(2),1
402,tensor(3),1
403,tensor(2),1
404,tensor(1),1
405,tensor(1),1
406,tensor(1),1
407,tensor(0),1
408,tensor(1),1
409,tensor(2),1
410,tensor(1),1
411,tensor(1),1
412,tensor(1),1
413,tensor(2),1
414,tensor(1),1
415,tensor(1),1
416,tensor(1),1
417,tensor(2),1
418,tensor(1),1
419,tensor(2),1
420,tensor(1),1
421,tensor(2),1
422,tensor(2),1
423,tensor(1),1
424,tensor(1),1
425,tensor(1),1
426,tensor(1),1
427,tensor(0),1
428,tensor(0),1
429,tensor(3),1
430,tensor(3),1
431,tensor(1),1
432,tensor(2),1
433,tensor(0),1
434,tensor(1),1
435,tensor(3),1
436,tensor(1),1
437,tensor(2),1
438,tensor(4),1
439,tensor(1),1
440,tensor(1),1
441,tensor(1),1
442,tensor(0),1
443,tensor(3),1
444,tensor(0),1
445,tensor(1),1
446,tensor(3),1
447,tensor(1),1
448,tensor(2),1
449,tensor(0),1
450,tensor(1),1
451,tensor(1),1
452,tensor(1),1
453,tensor(1),1
454,tensor(0),1
455,tensor(2),1
456,tensor(0),1
457,tensor(1),1
458,tensor(2),1
459,tensor(0),1
460,tensor(2),1
461,tensor(1),1
462,tensor(2),1
463,tensor(1),1
464,tensor(2),1
465,tensor(1),1
466,tensor(1),1
467,tensor(0),1
468,tensor(1),1
469,tensor(2),1
470,tensor(0),1
471,tensor(1),1
472,tensor(0),1
473,tensor(1),1
474,tensor(2),1
475,tensor(1),1
476,tensor(1),1
477,tensor(2),1
478,tensor(2),1
479,tensor(2),1
480,tensor(0),1
481,tensor(3),1
482,tensor(1),1
483,tensor(0),1
484,tensor(1),1
485,tensor(2),1
486,tensor(1),1
487,tensor(1),1
488,tensor(2),1
489,tensor(0),1
490,tensor(1),1
491,tensor(1),1
492,tensor(1),1
493,tensor(2),1
494,tensor(1),1
495,tensor(0),1
496,tensor(1),1
497,tensor(2),1
498,tensor(1),1
499,tensor(1),1
500,tensor(3),1
501,tensor(1),1
502,tensor(4),1
503,tensor(1),1
504,tensor(2),1
505,tensor(2),1
506,tensor(1),1
507,tensor(2),1
508,tensor(1),1
509,tensor(0),1
510,tensor(3),1
511,tensor(0),1
512,tensor(1),1
513,tensor(3),1
514,tensor(1),1
515,tensor(0),1
516,tensor(1),1
517,tensor(3),1
518,tensor(0),1
519,tensor(1),1
520,tensor(0),1
521,tensor(0),1
522,tensor(0),1
523,tensor(1),1
524,tensor(3),1
525,tensor(2),1
526,tensor(1),1
527,tensor(3),1
528,tensor(2),1
529,tensor(1),1
530,tensor(0),1
531,tensor(1),1
532,tensor(0),1
533,tensor(1),1
534,tensor(1),1
535,tensor(0),1
536,tensor(3),1
537,tensor(0),1
538,tensor(1),1
539,tensor(2),1
540,tensor(3),1
541,tensor(1),1
542,tensor(1),1
543,tensor(4),1
544,tensor(3),1
545,tensor(0),1
546,tensor(1),1
547,tensor(1),1
548,tensor(2),1
549,tensor(1),1
550,tensor(0),1
551,tensor(0),1
552,tensor(2),1
553,tensor(1),1
554,tensor(1),1
555,tensor(3),1
556,tensor(1),1
557,tensor(3),1
558,tensor(1),1
559,tensor(0),1
560,tensor(0),1
561,tensor(3),1
562,tensor(0),1
563,tensor(0),1
564,tensor(0),1
565,tensor(0),1
566,tensor(0),1
567,tensor(3),1
568,tensor(0),1
569,tensor(0),1
570,tensor(1),1
571,tensor(2),1
572,tensor(1),1
573,tensor(1),1
574,tensor(1),1
575,tensor(2),1
576,tensor(1),1
577,tensor(0),1
578,tensor(0),1
579,tensor(1),1
580,tensor(0),1
581,tensor(0),1
582,tensor(4),1
583,tensor(3),1
584,tensor(0),1
585,tensor(0),1
586,tensor(1),1
587,tensor(0),1
588,tensor(1),1
589,tensor(1),1
590,tensor(0),1
591,tensor(2),1
592,tensor(1),1
593,tensor(0),1
594,tensor(1),1
595,tensor(1),1
596,tensor(1),1
597,tensor(0),1
598,tensor(1),1
599,tensor(3),1
600,tensor(0),1
601,tensor(2),1
602,tensor(0),1
603,tensor(3),1
604,tensor(0),1
605,tensor(1),1
606,tensor(0),1
607,tensor(2),1
608,tensor(0),1
609,tensor(1),1
610,tensor(4),1
611,tensor(0),1
612,tensor(4),1
613,tensor(1),1
614,tensor(0),1
615,tensor(0),1
616,tensor(1),1
617,tensor(2),1
618,tensor(1),1
619,tensor(1),1
620,tensor(0),1
621,tensor(1),1
622,tensor(2),1
623,tensor(4),1
624,tensor(1),1
625,tensor(0),1
626,tensor(0),1
627,tensor(0),1
628,tensor(1),1
629,tensor(0),1
630,tensor(0),1
631,tensor(3),1
632,tensor(0),1
633,tensor(1),1
634,tensor(1),1
635,tensor(3),1
636,tensor(0),1
637,tensor(1),1
638,tensor(0),1
639,tensor(0),1
640,tensor(2),2
641,tensor(3),2
642,tensor(3),2
643,tensor(2),2
644,tensor(2),2
645,tensor(1),2
646,tensor(2),2
647,tensor(4),2
648,tensor(3),2
649,tensor(1),2
650,tensor(2),2
651,tensor(1),2
652,tensor(3),2
653,tensor(2),2
654,tensor(4),2
655,tensor(1),2
656,tensor(1),2
657,tensor(3),2
658,tensor(2),2
659,tensor(2),2
660,tensor(3),2
661,tensor(3),2
662,tensor(1),2
663,tensor(1),2
664,tensor(1),2
665,tensor(0),2
666,tensor(1),2
667,tensor(4),2
668,tensor(1),2
669,tensor(2),2
670,tensor(0),2
671,tensor(3),2
672,tensor(3),2
673,tensor(3),2
674,tensor(1),2
675,tensor(3),2
676,tensor(0),2
677,tensor(1),2
678,tensor(4),2
679,tensor(2),2
680,tensor(3),2
681,tensor(1),2
682,tensor(0),2
683,tensor(2),2
684,tensor(1),2
685,tensor(3),2
686,tensor(1),2
687,tensor(3),2
688,tensor(2),2
689,tensor(1),2
690,tensor(1),2
691,tensor(1),2
692,tensor(3),2
693,tensor(4),2
694,tensor(2),2
695,tensor(3),2
696,tensor(3),2
697,tensor(4),2
698,tensor(4),2
699,tensor(3),2
700,tensor(1),2
701,tensor(2),2
702,tensor(1),2
703,tensor(2),2
704,tensor(2),2
705,tensor(1),2
706,tensor(2),2
707,tensor(2),2
708,tensor(1),2
709,tensor(2),2
710,tensor(1),2
711,tensor(1),2
712,tensor(3),2
713,tensor(1),2
714,tensor(3),2
715,tensor(2),2
716,tensor(3),2
717,tensor(3),2
718,tensor(2),2
719,tensor(2),2
720,tensor(2),2
721,tensor(1),2
722,tensor(3),2
723,tensor(0),2
724,tensor(3),2
725,tensor(1),2
726,tensor(3),2
727,tensor(1),2
728,tensor(1),2
729,tensor(3),2
730,tensor(2),2
731,tensor(0),2
732,tensor(2),2
733,tensor(0),2
734,tensor(0),2
735,tensor(2),2
736,tensor(1),2
737,tensor(2),2
738,tensor(4),2
739,tensor(0),2
740,tensor(4),2
741,tensor(0),2
742,tensor(3),2
743,tensor(2),2
744,tensor(3),2
745,tensor(3),2
746,tensor(3),2
747,tensor(1),2
748,tensor(3),2
749,tensor(2),2
750,tensor(0),2
751,tensor(2),2
752,tensor(3),2
753,tensor(4),2
754,tensor(1),2
755,tensor(1),2
756,tensor(4),2
757,tensor(0),2
758,tensor(1),2
759,tensor(3),2
760,tensor(1),2
761,tensor(1),2
762,tensor(1),2
763,tensor(3),2
764,tensor(2),2
765,tensor(3),2
766,tensor(1),2
767,tensor(3),2
768,tensor(0),2
769,tensor(2),2
770,tensor(1),2
771,tensor(2),2
772,tensor(3),2
773,tensor(2),2
774,tensor(1),2
775,tensor(3),2
776,tensor(3),2
777,tensor(1),2
778,tensor(1),2
779,tensor(1),2
780,tensor(3),2
781,tensor(3),2
782,tensor(2),2
783,tensor(2),2
784,tensor(3),2
785,tensor(2),2
786,tensor(2),2
787,tensor(2),2
788,tensor(2),2
789,tensor(1),2
790,tensor(2),2
791,tensor(2),2
792,tensor(1),2
793,tensor(1),2
794,tensor(3),2
795,tensor(4),2
796,tensor(1),2
797,tensor(1),2
798,tensor(1),2
799,tensor(3),2
800,tensor(2),2
801,tensor(3),2
802,tensor(3),2
803,tensor(2),2
804,tensor(3),2
805,tensor(3),2
806,tensor(1),2
807,tensor(2),2
808,tensor(3),2
809,tensor(3),2
810,tensor(2),2
811,tensor(0),2
812,tensor(3),2
813,tensor(3),2
814,tensor(2),2
815,tensor(2),2
816,tensor(2),2
817,tensor(2),2
818,tensor(3),2
819,tensor(3),2
820,tensor(2),2
821,tensor(1),2
822,tensor(2),2
823,tensor(3),2
824,tensor(1),2
825,tensor(2),2
826,tensor(2),2
827,tensor(1),2
828,tensor(4),2
829,tensor(2),2
830,tensor(2),2
831,tensor(1),2
832,tensor(1),2
833,tensor(2),2
834,tensor(3),2
835,tensor(3),2
836,tensor(1),2
837,tensor(1),2
838,tensor(2),2
839,tensor(2),2
840,tensor(3),2
841,tensor(3),2
842,tensor(1),2
843,tensor(2),2
844,tensor(1),2
845,tensor(1),2
846,tensor(2),2
847,tensor(3),2
848,tensor(0),2
849,tensor(3),2
850,tensor(1),2
851,tensor(2),2
852,tensor(1),2
853,tensor(1),2
854,tensor(4),2
855,tensor(0),2
856,tensor(3),2
857,tensor(1),2
858,tensor(0),2
859,tensor(3),2
860,tensor(0),2
861,tensor(3),2
862,tensor(3),2
863,tensor(1),2
864,tensor(2),2
865,tensor(1),2
866,tensor(3),2
867,tensor(1),2
868,tensor(2),2
869,tensor(4),2
870,tensor(2),2
871,tensor(3),2
872,tensor(3),2
873,tensor(3),2
874,tensor(1),2
875,tensor(0),2
876,tensor(1),2
877,tensor(1),2
878,tensor(1),2
879,tensor(1),2
880,tensor(1),2
881,tensor(3),2
882,tensor(1),2
883,tensor(2),2
884,tensor(2),2
885,tensor(3),2
886,tensor(2),2
887,tensor(2),2
888,tensor(2),2
889,tensor(2),2
890,tensor(3),2
891,tensor(1),2
892,tensor(3),2
893,tensor(1),2
894,tensor(3),2
895,tensor(4),2
896,tensor(1),2
897,tensor(1),2
898,tensor(3),2
899,tensor(2),2
900,tensor(3),2
901,tensor(1),2
902,tensor(2),2
903,tensor(4),2
904,tensor(3),2
905,tensor(2),2
906,tensor(0),2
907,tensor(3),2
908,tensor(2),2
909,tensor(2),2
910,tensor(2),2
911,tensor(3),2
912,tensor(1),2
913,tensor(3),2
914,tensor(1),2
915,tensor(0),2
916,tensor(3),2
917,tensor(0),2
918,tensor(2),2
919,tensor(3),2
920,tensor(3),2
921,tensor(2),2
922,tensor(2),2
923,tensor(0),2
924,tensor(2),2
925,tensor(1),2
926,tensor(2),2
927,tensor(3),2
928,tensor(3),2
929,tensor(2),2
930,tensor(1),2
931,tensor(3),2
932,tensor(1),2
933,tensor(2),2
934,tensor(1),2
935,tensor(4),2
936,tensor(1),2
937,tensor(0),2
938,tensor(2),2
939,tensor(2),2
940,tensor(3),2
941,tensor(3),2
942,tensor(2),2
943,tensor(0),2
944,tensor(2),2
945,tensor(3),2
946,tensor(2),2
947,tensor(1),2
948,tensor(2),2
949,tensor(3),2
950,tensor(0),2
951,tensor(1),2
952,tensor(0),2
953,tensor(0),2
954,tensor(3),2
955,tensor(2),2
956,tensor(1),2
957,tensor(1),2
958,tensor(1),2
959,tensor(3),2
960,tensor(2),3
961,tensor(4),3
962,tensor(3),3
963,tensor(2),3
964,tensor(3),3
965,tensor(3),3
966,tensor(1),3
967,tensor(2),3
968,tensor(3),3
969,tensor(3),3
970,tensor(1),3
971,tensor(2),3
972,tensor(1),3
973,tensor(2),3
974,tensor(4),3
975,tensor(3),3
976,tensor(1),3
977,tensor(3),3
978,tensor(3),3
979,tensor(3),3
980,tensor(1),3
981,tensor(2),3
982,tensor(3),3
983,tensor(4),3
984,tensor(3),3
985,tensor(4),3
986,tensor(3),3
987,tensor(3),3
988,tensor(3),3
989,tensor(3),3
990,tensor(4),3
991,tensor(4),3
992,tensor(3),3
993,tensor(0),3
994,tensor(0),3
995,tensor(1),3
996,tensor(3),3
997,tensor(2),3
998,tensor(4),3
999,tensor(4),3
1000,tensor(3),3
1001,tensor(3),3
1002,tensor(4),3
1003,tensor(3),3
1004,tensor(1),3
1005,tensor(4),3
1006,tensor(3),3
1007,tensor(2),3
1008,tensor(3),3
1009,tensor(3),3
1010,tensor(3),3
1011,tensor(3),3
1012,tensor(3),3
1013,tensor(3),3
1014,tensor(3),3
1015,tensor(3),3
1016,tensor(3),3
1017,tensor(0),3
1018,tensor(4),3
1019,tensor(3),3
1020,tensor(2),3
1021,tensor(2),3
1022,tensor(3),3
1023,tensor(3),3
1024,tensor(3),3
1025,tensor(3),3
1026,tensor(2),3
1027,tensor(3),3
1028,tensor(4),3
1029,tensor(1),3
1030,tensor(3),3
1031,tensor(1),3
1032,tensor(1),3
1033,tensor(0),3
1034,tensor(4),3
1035,tensor(0),3
1036,tensor(3),3
1037,tensor(3),3
1038,tensor(3),3
1039,tensor(3),3
1040,tensor(3),3
1041,tensor(3),3
1042,tensor(4),3
1043,tensor(4),3
1044,tensor(3),3
1045,tensor(3),3
1046,tensor(3),3
1047,tensor(4),3
1048,tensor(4),3
1049,tensor(4),3
1050,tensor(4),3
1051,tensor(3),3
1052,tensor(0),3
1053,tensor(3),3
1054,tensor(1),3
1055,tensor(3),3
1056,tensor(3),3
1057,tensor(2),3
1058,tensor(3),3
1059,tensor(4),3
1060,tensor(3),3
1061,tensor(1),3
1062,tensor(3),3
1063,tensor(1),3
1064,tensor(1),3
1065,tensor(3),3
1066,tensor(4),3
1067,tensor(0),3
1068,tensor(3),3
1069,tensor(2),3
1070,tensor(1),3
1071,tensor(3),3
1072,tensor(3),3
1073,tensor(3),3
1074,tensor(4),3
1075,tensor(3),3
1076,tensor(3),3
1077,tensor(3),3
1078,tensor(0),3
1079,tensor(3),3
1080,tensor(3),3
1081,tensor(2),3
1082,tensor(3),3
1083,tensor(3),3
1084,tensor(4),3
1085,tensor(4),3
1086,tensor(3),3
1087,tensor(4),3
1088,tensor(3),3
1089,tensor(3),3
1090,tensor(0),3
1091,tensor(3),3
1092,tensor(1),3
1093,tensor(4),3
1094,tensor(3),3
1095,tensor(3),3
1096,tensor(1),3
1097,tensor(0),3
1098,tensor(2),3
1099,tensor(3),3
1100,tensor(3),3
1101,tensor(4),3
1102,tensor(3),3
1103,tensor(3),3
1104,tensor(3),3
1105,tensor(2),3
1106,tensor(3),3
1107,tensor(4),3
1108,tensor(3),3
1109,tensor(3),3
1110,tensor(3),3
1111,tensor(2),3
1112,tensor(3),3
1113,tensor(3),3
1114,tensor(2),3
1115,tensor(3),3
1116,tensor(3),3
1117,tensor(1),3
1118,tensor(3),3
1119,tensor(3),3
1120,tensor(1),3
1121,tensor(3),3
1122,tensor(3),3
1123,tensor(3),3
1124,tensor(3),3
1125,tensor(3),3
1126,tensor(2),3
1127,tensor(4),3
1128,tensor(1),3
1129,tensor(2),3
1130,tensor(2),3
1131,tensor(3),3
1132,tensor(4),3
1133,tensor(3),3
1134,tensor(1),3
1135,tensor(3),3
1136,tensor(4),3
1137,tensor(3),3
1138,tensor(3),3
1139,tensor(3),3
1140,tensor(3),3
1141,tensor(3),3
1142,tensor(3),3
1143,tensor(1),3
1144,tensor(3),3
1145,tensor(1),3
1146,tensor(2),3
1147,tensor(3),3
1148,tensor(1),3
1149,tensor(3),3
1150,tensor(2),3
1151,tensor(3),3
1152,tensor(4),3
1153,tensor(1),3
1154,tensor(3),3
1155,tensor(3),3
1156,tensor(3),3
1157,tensor(1),3
1158,tensor(3),3
1159,tensor(3),3
1160,tensor(4),3
1161,tensor(3),3
1162,tensor(4),3
1163,tensor(3),3
1164,tensor(3),3
1165,tensor(4),3
1166,tensor(0),3
1167,tensor(2),3
1168,tensor(3),3
1169,tensor(4),3
1170,tensor(4),3
1171,tensor(4),3
1172,tensor(4),3
1173,tensor(3),3
1174,tensor(1),3
1175,tensor(3),3
1176,tensor(1),3
1177,tensor(3),3
1178,tensor(0),3
1179,tensor(3),3
1180,tensor(4),3
1181,tensor(1),3
1182,tensor(4),3
1183,tensor(1),3
1184,tensor(2),3
1185,tensor(3),3
1186,tensor(3),3
1187,tensor(4),3
1188,tensor(3),3
1189,tensor(3),3
1190,tensor(4),3
1191,tensor(0),3
1192,tensor(1),3
1193,tensor(1),3
1194,tensor(3),3
1195,tensor(4),3
1196,tensor(2),3
1197,tensor(4),3
1198,tensor(3),3
1199,tensor(4),3
1200,tensor(3),3
1201,tensor(3),3
1202,tensor(4),3
1203,tensor(2),3
1204,tensor(2),3
1205,tensor(4),3
1206,tensor(3),3
1207,tensor(2),3
1208,tensor(4),3
1209,tensor(3),3
1210,tensor(3),3
1211,tensor(3),3
1212,tensor(3),3
1213,tensor(1),3
1214,tensor(2),3
1215,tensor(1),3
1216,tensor(2),3
1217,tensor(0),3
1218,tensor(4),3
1219,tensor(3),3
1220,tensor(3),3
1221,tensor(2),3
1222,tensor(2),3
1223,tensor(3),3
1224,tensor(3),3
1225,tensor(3),3
1226,tensor(3),3
1227,tensor(3),3
1228,tensor(3),3
1229,tensor(3),3
1230,tensor(1),3
1231,tensor(4),3
1232,tensor(3),3
1233,tensor(4),3
1234,tensor(4),3
1235,tensor(4),3
1236,tensor(3),3
1237,tensor(3),3
1238,tensor(3),3
1239,tensor(4),3
1240,tensor(3),3
1241,tensor(3),3
1242,tensor(3),3
1243,tensor(3),3
1244,tensor(3),3
1245,tensor(4),3
1246,tensor(3),3
1247,tensor(3),3
1248,tensor(2),3
1249,tensor(3),3
1250,tensor(4),3
1251,tensor(3),3
1252,tensor(2),3
1253,tensor(3),3
1254,tensor(3),3
1255,tensor(3),3
1256,tensor(4),3
1257,tensor(1),3
1258,tensor(2),3
1259,tensor(2),3
1260,tensor(3),3
1261,tensor(4),3
1262,tensor(0),3
1263,tensor(3),3
1264,tensor(3),3
1265,tensor(3),3
1266,tensor(2),3
1267,tensor(3),3
1268,tensor(3),3
1269,tensor(4),3
1270,tensor(4),3
1271,tensor(3),3
1272,tensor(2),3
1273,tensor(0),3
1274,tensor(3),3
1275,tensor(4),3
1276,tensor(3),3
1277,tensor(4),3
1278,tensor(4),3
1279,tensor(1),3
1280,tensor(3),4
1281,tensor(3),4
1282,tensor(3),4
1283,tensor(4),4
1284,tensor(4),4
1285,tensor(1),4
1286,tensor(0),4
1287,tensor(4),4
1288,tensor(4),4
1289,tensor(4),4
1290,tensor(1),4
1291,tensor(4),4
1292,tensor(4),4
1293,tensor(4),4
1294,tensor(3),4
1295,tensor(4),4
1296,tensor(4),4
1297,tensor(4),4
1298,tensor(4),4
1299,tensor(4),4
1300,tensor(2),4
1301,tensor(3),4
1302,tensor(4),4
1303,tensor(3),4
1304,tensor(3),4
1305,tensor(3),4
1306,tensor(4),4
1307,tensor(3),4
1308,tensor(4),4
1309,tensor(4),4
1310,tensor(4),4
1311,tensor(3),4
1312,tensor(3),4
1313,tensor(0),4
1314,tensor(4),4
1315,tensor(2),4
1316,tensor(4),4
1317,tensor(3),4
1318,tensor(4),4
1319,tensor(3),4
1320,tensor(3),4
1321,tensor(3),4
1322,tensor(3),4
1323,tensor(4),4
1324,tensor(4),4
1325,tensor(3),4
1326,tensor(1),4
1327,tensor(4),4
1328,tensor(3),4
1329,tensor(0),4
1330,tensor(4),4
1331,tensor(4),4
1332,tensor(2),4
1333,tensor(4),4
1334,tensor(3),4
1335,tensor(3),4
1336,tensor(4),4
1337,tensor(4),4
1338,tensor(4),4
1339,tensor(4),4
1340,tensor(4),4
1341,tensor(3),4
1342,tensor(4),4
1343,tensor(4),4
1344,tensor(3),4
1345,tensor(4),4
1346,tensor(4),4
1347,tensor(4),4
1348,tensor(4),4
1349,tensor(4),4
1350,tensor(4),4
1351,tensor(4),4
1352,tensor(4),4
1353,tensor(3),4
1354,tensor(3),4
1355,tensor(1),4
1356,tensor(4),4
1357,tensor(4),4
1358,tensor(4),4
1359,tensor(3),4
1360,tensor(4),4
1361,tensor(4),4
1362,tensor(3),4
1363,tensor(3),4
1364,tensor(4),4
1365,tensor(3),4
1366,tensor(4),4
1367,tensor(1),4
1368,tensor(4),4
1369,tensor(1),4
1370,tensor(4),4
1371,tensor(3),4
1372,tensor(3),4
1373,tensor(3),4
1374,tensor(4),4
1375,tensor(4),4
1376,tensor(4),4
1377,tensor(3),4
1378,tensor(4),4
1379,tensor(4),4
1380,tensor(4),4
1381,tensor(4),4
1382,tensor(4),4
1383,tensor(4),4
1384,tensor(4),4
1385,tensor(0),4
1386,tensor(4),4
1387,tensor(4),4
1388,tensor(4),4
1389,tensor(3),4
1390,tensor(1),4
1391,tensor(4),4
1392,tensor(4),4
1393,tensor(0),4
1394,tensor(4),4
1395,tensor(3),4
1396,tensor(0),4
1397,tensor(3),4
1398,tensor(4),4
1399,tensor(4),4
1400,tensor(4),4
1401,tensor(4),4
1402,tensor(4),4
1403,tensor(0),4
1404,tensor(4),4
1405,tensor(4),4
1406,tensor(4),4
1407,tensor(3),4
1408,tensor(4),4
1409,tensor(4),4
1410,tensor(4),4
1411,tensor(3),4
1412,tensor(4),4
1413,tensor(4),4
1414,tensor(3),4
1415,tensor(4),4
1416,tensor(4),4
1417,tensor(4),4
1418,tensor(3),4
1419,tensor(4),4
1420,tensor(2),4
1421,tensor(4),4
1422,tensor(3),4
1423,tensor(4),4
1424,tensor(3),4
1425,tensor(4),4
1426,tensor(4),4
1427,tensor(0),4
1428,tensor(4),4
1429,tensor(4),4
1430,tensor(1),4
1431,tensor(4),4
1432,tensor(3),4
1433,tensor(3),4
1434,tensor(4),4
1435,tensor(4),4
1436,tensor(4),4
1437,tensor(3),4
1438,tensor(0),4
1439,tensor(3),4
1440,tensor(4),4
1441,tensor(0),4
1442,tensor(4),4
1443,tensor(3),4
1444,tensor(4),4
1445,tensor(3),4
1446,tensor(4),4
1447,tensor(4),4
1448,tensor(3),4
1449,tensor(3),4
1450,tensor(4),4
1451,tensor(1),4
1452,tensor(4),4
1453,tensor(3),4
1454,tensor(4),4
1455,tensor(3),4
1456,tensor(3),4
1457,tensor(4),4
1458,tensor(4),4
1459,tensor(3),4
1460,tensor(3),4
1461,tensor(3),4
1462,tensor(3),4
1463,tensor(4),4
1464,tensor(4),4
1465,tensor(4),4
1466,tensor(4),4
1467,tensor(4),4
1468,tensor(3),4
1469,tensor(3),4
1470,tensor(4),4
1471,tensor(4),4
1472,tensor(4),4
1473,tensor(3),4
1474,tensor(4),4
1475,tensor(3),4
1476,tensor(3),4
1477,tensor(1),4
1478,tensor(4),4
1479,tensor(3),4
1480,tensor(4),4
1481,tensor(4),4
1482,tensor(1),4
1483,tensor(4),4
1484,tensor(4),4
1485,tensor(1),4
1486,tensor(4),4
1487,tensor(4),4
1488,tensor(2),4
1489,tensor(4),4
1490,tensor(3),4
1491,tensor(3),4
1492,tensor(3),4
1493,tensor(2),4
1494,tensor(4),4
1495,tensor(3),4
1496,tensor(3),4
1497,tensor(4),4
1498,tensor(4),4
1499,tensor(4),4
1500,tensor(4),4
1501,tensor(4),4
1502,tensor(3),4
1503,tensor(1),4
1504,tensor(3),4
1505,tensor(4),4
1506,tensor(4),4
1507,tensor(4),4
1508,tensor(4),4
1509,tensor(3),4
1510,tensor(4),4
1511,tensor(4),4
1512,tensor(4),4
1513,tensor(4),4
1514,tensor(4),4
1515,tensor(4),4
1516,tensor(4),4
1517,tensor(4),4
1518,tensor(3),4
1519,tensor(4),4
1520,tensor(4),4
1521,tensor(1),4
1522,tensor(4),4
1523,tensor(4),4
1524,tensor(0),4
1525,tensor(3),4
1526,tensor(4),4
1527,tensor(4),4
1528,tensor(4),4
1529,tensor(1),4
1530,tensor(1),4
1531,tensor(4),4
1532,tensor(4),4
1533,tensor(4),4
1534,tensor(0),4
1535,tensor(4),4
1536,tensor(4),4
1537,tensor(4),4
1538,tensor(4),4
1539,tensor(3),4
1540,tensor(4),4
1541,tensor(3),4
1542,tensor(3),4
1543,tensor(3),4
1544,tensor(4),4
1545,tensor(1),4
1546,tensor(4),4
1547,tensor(3),4
1548,tensor(4),4
1549,tensor(3),4
1550,tensor(4),4
1551,tensor(0),4
1552,tensor(4),4
1553,tensor(3),4
1554,tensor(3),4
1555,tensor(4),4
1556,tensor(3),4
1557,tensor(0),4
1558,tensor(4),4
1559,tensor(3),4
1560,tensor(2),4
1561,tensor(0),4
1562,tensor(0),4
1563,tensor(4),4
1564,tensor(4),4
1565,tensor(1),4
1566,tensor(4),4
1567,tensor(4),4
1568,tensor(3),4
1569,tensor(4),4
1570,tensor(4),4
1571,tensor(4),4
1572,tensor(4),4
1573,tensor(4),4
1574,tensor(4),4
1575,tensor(3),4
1576,tensor(3),4
1577,tensor(0),4
1578,tensor(3),4
1579,tensor(4),4
1580,tensor(1),4
1581,tensor(4),4
1582,tensor(4),4
1583,tensor(4),4
1584,tensor(4),4
1585,tensor(3),4
1586,tensor(4),4
1587,tensor(4),4
1588,tensor(3),4
1589,tensor(3),4
1590,tensor(4),4
1591,tensor(4),4
1592,tensor(4),4
1593,tensor(2),4
1594,tensor(2),4
1595,tensor(3),4
1596,tensor(4),4
1597,tensor(3),4
1598,tensor(4),4
1599,tensor(4),4
